title,year,genres,rating,plot,cast,director,countries
The Blues Brothers,1980,"['Adventure', 'Comedy', 'Crime', 'Music', 'Musical']",7.9,"Jake Blues rejoins with his brother Elwood after being released from prison, but the duo has just days to reunite their old R&B band and save the Catholic home where the two were raised, outrunning the police as they tear through Chicago.","['Tom Erhart', 'Gerald Walling', 'John Belushi', 'Walter Levine', 'Frank Oz']",['John Landis'],['United States']
The Crow: Salvation,2000,"['Action', 'Crime', 'Fantasy', 'Horror', 'Mystery', 'Thriller']",4.9,Alex Corvis returns to the world of the living to solve the murder of a young woman that he was wrongly accused of.,"['Kirsten Dunst', 'William Atherton', 'Debbie Fan', 'Eric Mabius', 'Grant Shaud']",['Bharat Nalluri'],"['Germany', 'United States']"
Star Trek: The Motion Picture,1979,"['Adventure', 'Mystery', 'Sci-Fi']",6.4,"When an alien spacecraft of enormous power is spotted approaching Earth, Admiral James T. Kirk resumes command of the overhauled USS Enterprise in order to intercept it.","['William Shatner', 'Leonard Nimoy', 'DeForest Kelley', 'James Doohan', 'George Takei']",['Robert Wise'],['United States']
Niagara,1953,"['Drama', 'Film-Noir', 'Thriller']",7.0,"As two couples are visiting Niagara Falls, tensions between one wife and her husband reach the level of murder.","['Marilyn Monroe', 'Joseph Cotten', 'Jean Peters', 'Max Showalter', ""Denis O'Dea""]",['Henry Hathaway'],['United States']
Stir of Echoes,1999,"['Horror', 'Mystery', 'Thriller']",6.9,A man has visions of a missing neighborhood girl.,"['Zachary David Cope', 'Kevin Bacon', 'Kathryn Erbe', 'Illeana Douglas', 'Kevin Dunn']",['David Koepp'],['United States']
Big Trouble in Little China,1986,"['Action', 'Adventure', 'Comedy', 'Fantasy']",7.2,A rough-and-tumble trucker and his sidekick face off with an ancient sorcerer in a supernatural battle beneath Chinatown.,"['Kurt Russell', 'Kim Cattrall', 'Dennis Dun', 'James Hong', 'Victor Wong']",['John Carpenter'],['United States']
Jerry and Tom,1998,"['Comedy', 'Crime', 'Drama']",6.5,"Tom and Jerry are two hit men, they work by day at a third-rate second-hand car dealership. Tom is a veteran and Jerry is a novice in their business, and their attitude toward their profession differs a lot. It shows when Tom is required to kill his old friend Karl.—Anonymous","['Joe Mantegna', 'Sam Rockwell', 'Maury Chaykin', 'Ted Danson', 'Charles Durning']",['Saul Rubinek'],['United States']
The Rocketeer,1991,"['Action', 'Adventure', 'Family', 'Sci-Fi', 'Thriller']",6.6,A young pilot stumbles onto a prototype jetpack that allows him to become a high-flying masked hero.,"['Billy Campbell', 'Jennifer Connelly', 'Alan Arkin', 'Timothy Dalton', 'Paul Sorvino']",['Joe Johnston'],['United States']
Celebrity,1998,"['Comedy', 'Drama']",6.3,The fortunes of a husband and wife differ drastically after they divorce.,"['Greg Mottola', 'Jeff Mazzola', 'Dick Mingalone', 'Vladimir Bibic', 'Melanie Griffith']",['Woody Allen'],['United States']
Urban Legend,1998,"['Horror', 'Mystery', 'Thriller']",5.6,A college student suspects a series of bizarre deaths are connected to certain urban legends.,"['Jared Leto', 'Alicia Witt', 'Rebecca Gayheart', 'Michael Rosenbaum', 'Loretta Devine']",['Jamie Blanks'],"['Canada', 'United States']"
An American Tail,1986,"['Animation', 'Adventure', 'Comedy', 'Drama', 'Family', 'Musical']",6.9,"While emigrating to the United States, a young Russian mouse gets separated from his family and must locate them while trying to survive in a new country.","['Erica Yohn', 'Nehemiah Persoff', 'Amy Green', 'Phillip Glasser', 'Christopher Plummer']",['Don Bluth'],['United States']
The Kentucky Fried Movie,1977,['Comedy'],6.4,The daily programming of a fictional local TV channel presented as a series of highly irreverent skits.,"['Marilyn Joi', 'Saul Kahan', 'David Zucker', 'Marcy Goldman', 'Dulcie Jordan']",['John Landis'],['United States']
Shaft,1971,"['Action', 'Crime', 'Thriller']",6.6,"A crime lord hires black private eye, John Shaft, to find and retrieve his kidnapped daughter.","['Richard Roundtree', 'Moses Gunn', 'Charles Cioffi', 'Christopher St. John', 'Gwenn Mitchell']",['Gordon Parks'],['United States']
Buddy,1997,"['Adventure', 'Comedy', 'Drama', 'Family']",4.8,"A depiction of the true life story of Gertrude Lintz, an eccentric 1920's socialite who tries to raise a gorilla, like many chimps before him, as part of her family.","['Rene Russo', 'Robbie Coltrane', 'Alan Cumming', 'Irma P. Hall', 'Peter Elliott']",['Caroline Thompson'],['United States']
Selena,1997,"['Biography', 'Drama', 'Music']",6.9,"The true story of Selena, a Texas-born Tejana singer who rose from cult status to performing at the Astrodome, as well as having chart-topping albums on the Latin music charts.","['Jennifer Lopez', 'Jackie Guerra', 'Constance Marie', 'Alex Meneses', 'Jon Seda']",['Gregory Nava'],['United States']
Antonia's Line,1995,"['Comedy', 'Drama']",7.4,"A Dutch matron establishes and, for several generations, oversees a close-knit, matriarchal community where feminism and liberalism thrive.","['Willeke van Ammelrooy', 'Els Dottermans', 'Dora van der Groen', 'Veerle van Overloop', 'Esther Vriesendorp']",['Marleen Gorris'],"['Netherlands', 'Belgium', 'United Kingdom', 'France']"
Boogie Nights,1997,['Drama'],7.9,An idealistic porn producer aspires to elevate his craft to an art when he discovers a hot young talent.,"['Luis Guzmán', 'Burt Reynolds', 'Julianne Moore', 'Rico Bueno', 'John C. Reilly']",['Paul Thomas Anderson'],['United States']
A Price Above Rubies,1998,"['Drama', 'Romance']",6.5,This movie is about a young woman who is married to a devout Jew and the problems that trouble their marriage because of her wanting something more out of her life.,"['Renée Zellweger', 'Christopher Eccleston', 'Julianna Margulies', 'Allen Payne', 'Glenn Fitzgerald']",['Boaz Yakin'],"['United Kingdom', 'United States']"
Squanto: A Warrior's Tale,1994,"['Adventure', 'Biography', 'Drama', 'Family']",6.1,"Fictional chronicle of Squanto's life prior to and including the arrival of the ""Mayflower"" in 1620.","['Adam Beach', 'Sheldon Peters Wolfchild', 'Irene Bedard', 'Eric Schweig', 'Leroy Peltier']",['Xavier Koller'],"['United States', 'Canada']"
The Big Chill,1983,"['Comedy', 'Drama']",7.1,A group of seven former college friends gather for a weekend reunion at a South Carolina vacation home after the funeral of another of their college friends.,"['Tom Berenger', 'Glenn Close', 'Jeff Goldblum', 'William Hurt', 'Kevin Kline']",['Lawrence Kasdan'],['United States']
Junior,1994,"['Comedy', 'Romance', 'Sci-Fi']",4.7,"As part of a fertility research project, a male scientist agrees to carry a pregnancy in his own body.","['Arnold Schwarzenegger', 'Danny DeVito', 'Emma Thompson', 'Frank Langella', 'Pamela Reed']",['Ivan Reitman'],['United States']
First Kid,1996,"['Comedy', 'Family']",5.2,"A former boxer turned Secret Service agent is assigned to protect the President's son, who seems determined to make life difficult for his new protector.","['Sinbad', 'Brock Pierce', 'Blake Boyd', 'Timothy Busfield', 'Art LaFleur']",['David Mickey Evans'],['United States']
Condorman,1981,"['Action', 'Adventure', 'Comedy', 'Drama', 'Family', 'Romance']",5.7,Cartoonist Woody becomes the superhero he draws. Using his gadgets he helps a Soviet spy defect to the West.,"['Michael Crawford', 'Oliver Reed', 'Barbara Carrera', 'James Hampton', 'Jean-Pierre Kalfon']",['Charles Jarrott'],"['United States', 'United Kingdom']"
The Money Pit,1986,['Comedy'],6.4,A young couple struggles to repair a hopelessly dilapidated house.,"['Tom Hanks', 'Shelley Long', 'Alexander Godunov', 'Maureen Stapleton', 'Joe Mantegna']",['Richard Benjamin'],['United States']
The Object of My Affection,1998,"['Comedy', 'Drama', 'Romance']",6.0,"A pregnant New York City social worker begins to develop romantic feelings for her gay best friend, and decides she'd rather raise her child with him, much to the dismay of her overbearing boyfriend.","['Paul Rudd', 'Kali Rocha', 'Jennifer Aniston', 'Lena Cardwell', 'Natalie B. Kikkenborg']",['Nicholas Hytner'],['United States']
The Razor's Edge,1984,"['Drama', 'Romance', 'War']",6.4,He had everything and wanted nothing. He learned that he had nothing and wanted everything. He saved the world and then it shattered. The path to enlightenment is as sharp and narrow as a razor's edge.,"['Bill Murray', 'Theresa Russell', 'Catherine Hicks', 'Denholm Elliott', 'James Keach']",['John Byrum'],"['United States', 'United Kingdom']"
One Eight Seven,1997,"['Drama', 'Thriller']",6.6,"15 months after being stabbed 9 times by a student at work as a high school teacher in NYC, Mr. Garfield is working in LA as a substitute teacher come full-time. He refuses to be a victim anymore.","['Samuel L. Jackson', 'John Heard', 'Kelly Rowan', 'Clifton Collins Jr.', 'Tony Plana']",['Kevin Reynolds'],['United States']
Breaking the Waves,1996,['Drama'],7.8,"Oilman Jan is paralyzed in an accident. His wife, who prayed for his return, feels guilty; even more, when Jan urges her to have sex with another.","['Emily Watson', 'Stellan Skarsgård', 'Katrin Cartlidge', 'Jean-Marc Barr', 'Adrian Rawlins']",['Lars von Trier'],"['Denmark', 'Sweden', 'France', 'Netherlands', 'Norway', 'Iceland', 'United Kingdom', 'Finland', 'Italy', 'Belgium', 'Germany', 'Switzerland', 'United States']"
The Great Muppet Caper,1981,"['Adventure', 'Comedy', 'Crime', 'Family', 'Musical', 'Mystery']",7.1,"Kermit the Frog, The Great Gonzo, and Fozzie Bear are reporters who travel to Britain to interview a rich victim of jewel thieves and help her along with her secretary, Miss Piggy.","['Jim Henson', 'Frank Oz', 'Dave Goelz', 'Jerry Nelson', 'Richard Hunt']",['Jim Henson'],"['United Kingdom', 'United States']"
Barry Lyndon,1975,"['Adventure', 'Drama', 'War']",8.1,An Irish rogue wins the heart of a rich widow and assumes her dead husband's aristocratic position in 18th-century England.,"[""Ryan O'Neal"", 'Marisa Berenson', 'Patrick Magee', 'Hardy Krüger', 'Steven Berkoff']",['Stanley Kubrick'],"['United Kingdom', 'United States']"
Kundun,1997,"['Biography', 'Drama', 'History', 'War']",7.0,"From childhood to adulthood, Tibet's fourteenth Dalai Lama deals with Chinese oppression and other problems.","['Tenzin Thuthob Tsarong', 'Gyurme Tethong', 'Tulku Jamyang Kunga Tenzin', 'Tenzin Yeshi Paichang', 'Tencho Gyalpo']",['Martin Scorsese'],"['Monaco', 'United States', 'Morocco']"
Class Reunion,1982,"['Comedy', 'Horror']",4.6,"It's been 10 years since Lizzie Borden High School's class of '72 graduated, and the preppies, the hippies and the in-crowd have returned to reminisce over good times past. Classmate Walter Baylor has returned too, but with a vengeance.","['Gerrit Graham', 'Michael Lerner', 'Fred McCarren', 'Miriam Flynn', 'Stephen Furst']",['Michael Miller'],['United States']
What About Bob?,1991,['Comedy'],7.0,"A successful psychotherapist loses his mind after one of his most dependent patients, an obsessive-compulsive neurotic, tracks him down during his family vacation.","['Bill Murray', 'Richard Dreyfuss', 'Julie Hagerty', 'Charlie Korsmo', 'Kathryn Erbe']",['Frank Oz'],['United States']
The Killing Fields,1984,"['Biography', 'Drama', 'History', 'War']",7.8,A journalist is trapped in Cambodia during Pol Pot's bloody Year Zero cleansing campaign.,"['Sam Waterston', 'Haing S. Ngor', 'John Malkovich', 'Julian Sands', 'Craig T. Nelson']",['Roland Joffé'],['United Kingdom']
Bulworth,1998,"['Comedy', 'Drama', 'Romance']",6.8,A suicidally disillusioned liberal politician puts a contract out on himself and takes the opportunity to be bluntly honest with his voters by affecting the rhythms and speech of hip-hop music and culture.,"['Kimberly Deauna Adams', 'Vinny Argiro', 'Sean Astin', 'Kirk Baltz', 'Ernie Lee Banks']",['Warren Beatty'],['United States']
The Ghost and the Darkness,1996,"['Adventure', 'Drama', 'Thriller']",6.8,A bridge engineer and an experienced old hunter begin a hunt for two lions after they start attacking local construction workers.,"['Michael Douglas', 'Val Kilmer', 'Tom Wilkinson', 'John Kani', 'Bernard Hill']",['Stephen Hopkins'],"['United States', 'Germany']"
The 13th Warrior,1999,"['Action', 'Adventure', 'History']",6.6,"A man, having fallen in love with the wrong woman, is sent by the sultan himself on a diplomatic mission to a distant land as an ambassador. Stopping at a Viking village port to restock on supplies, he finds himself unwittingly embroiled in a quest to banish a mysterious threat in a distant Viking land.","['Antonio Banderas', 'Diane Venora', 'Dennis Storhøi', 'Vladimir Kulich', 'Omar Sharif']",['John McTiernan'],['United States']
From Dusk Till Dawn,1996,"['Action', 'Crime', 'Horror']",7.2,"Two criminals and their hostages unknowingly seek temporary refuge in a truck stop populated by vampires, with chaotic results.","['George Clooney', 'Quentin Tarantino', 'Harvey Keitel', 'Juliette Lewis', 'Ernest Liu']",['Robert Rodriguez'],"['United States', 'Mexico']"
One True Thing,1998,['Drama'],6.9,A career woman reassesses her parents' lives after she is forced to care for her cancer-stricken mother.,"['Meryl Streep', 'Renée Zellweger', 'William Hurt', 'Tom Everett Scott', 'Lauren Graham']",['Carl Franklin'],['United States']
Rocky II,1979,"['Drama', 'Sport']",7.3,"Rocky struggles in family life after his bout with Apollo Creed, while the embarrassed champ insistently goads him to accept a challenge for a rematch.","['Sylvester Stallone', 'Talia Shire', 'Burt Young', 'Carl Weathers', 'Burgess Meredith']",['Sylvester Stallone'],['United States']
Jacob's Ladder,1990,"['Drama', 'Horror', 'Mystery']",7.4,"Mourning his dead son, a haunted Vietnam War veteran attempts to uncover his past while suffering from a severe case of dissociation. To do so, he must decipher reality and life from his own dreams, delusions, and perceptions of death.","['Tim Robbins', 'Elizabeth Peña', 'Danny Aiello', 'Matt Craven', 'Pruitt Taylor Vince']",['Adrian Lyne'],['United States']
Only You,1994,"['Comedy', 'Romance']",6.5,"As a teen, Faith was told that her destiny is a man named Damon Bradley. Years later, when she's about to marry someone else, a Damon Bradley calls to wish them well, and Faith blows off her wedding to follow Damon to Italy.","['Marisa Tomei', 'Robert Downey Jr.', 'Bonnie Hunt', 'Joaquim de Almeida', 'Fisher Stevens']",['Norman Jewison'],"['United States', 'Italy']"
Misery,1990,"['Drama', 'Thriller']",7.8,"After a famous author is rescued from a car crash by a fan of his novels, he comes to realize that the care he is receiving is only the beginning of a nightmare of captivity and abuse.","['James Caan', 'Kathy Bates', 'Richard Farnsworth', 'Frances Sternhagen', 'Lauren Bacall']",['Rob Reiner'],['United States']
Rear Window,1954,"['Drama', 'Mystery', 'Thriller']",8.5,A bored photographer recovering from a broken leg passes the time by watching his neighbors and begins to suspect one of them of murder.,"['James Stewart', 'Grace Kelly', 'Wendell Corey', 'Thelma Ritter', 'Raymond Burr']",['Alfred Hitchcock'],['United States']
Exotica,1994,['Drama'],7.0,"A man plagued by neuroses frequents the club Exotica in an attempt to find solace, but even there his past is never far away.","['David Hemblen', 'Calvin Green', 'Don McKellar', 'Peter Krantz', 'Mia Kirshner']",['Atom Egoyan'],['Canada']
In the Realm of the Senses,1976,"['Drama', 'Romance']",6.6,"A fictionalized retelling of the story of Sada Abe, whose affair with her master quickly turned obsessive and sadomasochistic.","['Tatsuya Fuji', 'Eiko Matsuda', 'Aoi Nakajima', 'Yasuko Matsui', 'Meika Seri']",['Nagisa Ôshima'],"['Japan', 'France']"
Under the Rainbow,1981,['Comedy'],5.3,"A visiting dignitary, a CIA agent, a Nazi spy, Japanese tourists, an assassin and a group of ""midget"" actors from The Wizard of Oz (1939) all check into an elite Los Angeles hotel called Under the Rainbow.","['Chevy Chase', 'Carrie Fisher', 'Eve Arden', 'Joseph Maher', 'Robert Donner']",['Steve Rash'],['United States']
The Alarmist,1997,['Comedy'],5.2,A young and hungry salesman lands a job with a company that installs alarm systems. He strikes up a sexual relationship with a woman client who is also a single mother and then learns some pretty unsavory things about the business.,"['David Arquette', 'Stanley Tucci', 'Kate Capshaw', 'Mary McCormack', 'Ryan Reynolds']",['Evan Dunsky'],['United States']
Shanghai Noon,2000,"['Action', 'Adventure', 'Comedy', 'Western']",6.6,"A Chinese man travels to the Wild West to rescue a kidnapped Princess. After teaming up with a train robber, the unlikely duo takes on a Chinese traitor and his corrupt boss.","['Jackie Chan', 'Owen Wilson', 'Lucy Liu', 'Brandon Merrill', 'Roger Yuan']",['Tom Dey'],"['United States', 'Hong Kong']"
A Night at the Roxbury,1998,"['Comedy', 'Music', 'Romance']",6.2,"Two dim-witted brothers dream of owning their own dance club or at least getting into the coolest and most exclusive club in town, The Roxbury.","['Will Ferrell', 'Chris Kattan', 'Raquel Gardner', 'Viveca Paulin', 'Paulette Braxton']",['John Fortenberry'],['United States']
Babes in Toyland,1961,"['Comedy', 'Family', 'Fantasy', 'Musical', 'Romance']",6.1,"Mary Contrary is set to marry Tom Piper when he is kidnapped by Roderigo and Gonzorgo, two goons working for the evil Barnaby who wants to marry Mary for her inheritance.","['Ray Bolger', 'Tommy Sands', 'Annette Funicello', 'Ed Wynn', 'Tommy Kirk']",['Jack Donohue'],['United States']
The Incredibly True Adventure of Two Girls in Love,1995,"['Comedy', 'Drama', 'Romance']",6.6,An adventurous love story between two young women of different social and economic backgrounds who find themselves going through all the typical struggles of a new romance.,"['Laurel Holloman', 'Maggie Moore', 'Kate Stafford', 'Sabrina Artel', 'Toby Poser']",['Maria Maggenti'],['United States']
Full Tilt Boogie,1997,['Documentary'],6.6,A documentary about the production of From Dusk Till Dawn (1996) and the people who made it.,"['Rick Stribling', 'Ken Bondy', 'Amy Minda Cohen', 'Elizabeth Avellan', 'Dieter Busch']",['Sarah Kelly'],['United States']
Bell Book and Candle,1958,"['Comedy', 'Fantasy', 'Romance']",6.8,"A modern-day witch likes her neighbor but despises his fiancée, so she enchants him to love her instead.","['James Stewart', 'Kim Novak', 'Jack Lemmon', 'Ernie Kovacs', 'Hermione Gingold']",['Richard Quine'],['United States']
The Decline of Western Civilization Part II: The Metal Years,1988,"['Documentary', 'Music']",7.2,"Documentary showcase, what life was like for the music artists living during the Los Angeles Heavy Metal scene in the mid and late 1980s.","['Steven Tyler', 'Joe Perry', 'Alice Cooper', 'Gene Simmons', 'Paul Stanley']",['Penelope Spheeris'],['United States']
Flipper,1996,"['Adventure', 'Crime', 'Drama', 'Family']",5.3,A teenage boy sent to spend the summer with his eccentric uncle on the Florida coast befriends a remarkable dolphin and takes on local bad guys who are polluting the water.,"['Elijah Wood', 'Paul Hogan', 'Jonathan Banks', 'Robert Deacon', 'Ann Carey']",['Alan Shapiro'],['United States']
Cabaret,1972,"['Drama', 'Music', 'Musical', 'Romance']",7.8,A female girlie club entertainer in Weimar Republic era Berlin romances two men while the Nazi Party rises to power around them.,"['Liza Minnelli', 'Michael York', 'Helmut Griem', 'Joel Grey', 'Fritz Wepper']",['Bob Fosse'],['United States']
The Straight Story,1999,"['Biography', 'Drama']",8.0,"Alvin Straight, a 73-year-old, learns that his estranged brother, Lyle is critically ill. Unable to drive, Alvin embarks on a journey from Iowa to Mt. Zion, by riding a lawn mower. Will he succeed?","['Sissy Spacek', 'Jane Galloway Heitz', 'Joseph A. Carpenter', 'Donald Wiegert', 'Richard Farnsworth']",['David Lynch'],"['United Kingdom', 'France', 'United States']"
Topsy-Turvy,1999,"['Biography', 'Comedy', 'Drama', 'History', 'Musical']",7.3,"Set in the 1880s, the story of how, during a creative dry spell, the partnership of the legendary musical/theatrical writers Gilbert and Sullivan almost dissolves, before they turn it all around and write the Mikado.","['Allan Corduner', 'Dexter Fletcher', 'Sukie Smith', 'Roger Heathcott', 'Wendy Nottingham']",['Mike Leigh'],"['United Kingdom', 'United States']"
Romeo Must Die,2000,"['Action', 'Crime', 'Thriller']",6.1,An avenging cop seeks out his brother's killer and falls for the daughter of a businessman who is involved in a money-deal with his father.,"['Jet Li', 'Aaliyah', 'Isaiah Washington', 'Russell Wong', 'Delroy Lindo']",['Andrzej Bartkowiak'],['United States']
Cat on a Hot Tin Roof,1958,['Drama'],7.9,Brick is an alcoholic ex-football player who drinks his days away and resists the affections of his wife. A reunion with his terminal father jogs a host of memories and revelations for both father and son.,"['Elizabeth Taylor', 'Paul Newman', 'Burl Ives', 'Jack Carson', 'Judith Anderson']",['Richard Brooks'],['United States']
Superman II,1980,"['Action', 'Adventure', 'Sci-Fi']",6.8,"Superman agrees to sacrifice his powers to start a relationship with Lois Lane, unaware that three Kryptonian criminals he inadvertently released are conquering Earth.","['Gene Hackman', 'Christopher Reeve', 'Ned Beatty', 'Jackie Cooper', 'Sarah Douglas']","['Richard Lester', 'Richard Donner']","['United States', 'United Kingdom', 'Canada', 'France']"
Laura,1944,"['Drama', 'Film-Noir', 'Mystery']",7.9,A police detective falls in love with the woman whose murder he is investigating.,"['Gene Tierney', 'Dana Andrews', 'Clifton Webb', 'Vincent Price', 'Judith Anderson']","['Otto Preminger', 'Rouben Mamoulian']",['United States']
Willow,1988,"['Action', 'Adventure', 'Drama', 'Fantasy', 'Romance']",7.2,A young farmer is chosen to undertake a perilous journey in order to protect a special baby from an evil queen.,"['Val Kilmer', 'Joanne Whalley', 'Warwick Davis', 'Jean Marsh', 'Patricia Hayes']",['Ron Howard'],['United States']
New Rose Hotel,1998,"['Drama', 'Mystery', 'Sci-Fi', 'Thriller']",5.2,"Two businessmen are hired to steal secrets from a rival, and decide to use a beautiful call girl to do so.","['Christopher Walken', 'Willem Dafoe', 'Asia Argento', 'Annabella Sciorra', 'John Lurie']",['Abel Ferrara'],['United States']
Flight of the Navigator,1986,"['Adventure', 'Comedy', 'Family', 'Sci-Fi']",6.9,"In 1978, a boy travels eight years into the future and has an adventure with an intelligent, wisecracking alien ship.","['Joey Cramer', 'Paul Reubens', 'Cliff De Young', 'Veronica Cartwright', 'Sarah Jessica Parker']",['Randal Kleiser'],['United States']
The Three Musketeers,1993,"['Action', 'Adventure', 'Romance']",6.4,"France, 1625. Young d'Artagnan heads to Paris to join the Musketeers, but the evil cardinal has disbanded them. d'Artagnan meets Athos, Porthos, and Aramis, three rogue musketeers, and joins them on their quest to save the king and country.","['Charlie Sheen', 'Kiefer Sutherland', ""Chris O'Donnell"", 'Oliver Platt', 'Tim Curry']",['Stephen Herek'],"['United Kingdom', 'Austria', 'United States']"
Mrs. Winterbourne,1996,"['Comedy', 'Drama', 'Romance']",6.2,"Connie, unwed and pregnant, is heading to Boston by train when she meets wealthy newlyweds Hugh and Patricia. The train crashes, and when Connie comes to in the hospital, she is mistaken for Patricia, who died in the crash with Hugh.","['Shirley MacLaine', 'Ricki Lake', 'Brendan Fraser', 'Miguel Sandoval', 'Loren Dean']",['Richard Benjamin'],['United States']
Higher Learning,1995,"['Crime', 'Drama', 'Thriller']",6.5,"People from all different walks of life, encounter racial tension, rape, responsibility, and the meaning of an education on a university campus.","['Omar Epps', 'Kristy Swanson', 'Michael Rapaport', 'Jennifer Connelly', 'Ice Cube']",['John Singleton'],['United States']
Three Colors: White,1994,"['Comedy', 'Drama', 'Romance']",7.6,"After his wife divorces him, a Polish immigrant plots to get even with her.","['Zbigniew Zamachowski', 'Julie Delpy', 'Janusz Gajos', 'Jerzy Stuhr', 'Aleksander Bardini']",['Krzysztof Kieslowski'],"['Switzerland', 'France', 'Poland']"
Volunteers,1985,"['Adventure', 'Comedy']",5.5,"After graduating from Yale in 1962, womanizing Lawrence flees a gambling debt that his rich dad won't pay and takes his roomie's place as Peace Corps Volunteer in Thai Golden Triangle with two other PCVs. Will he survive two years?","['Tom Hanks', 'John Candy', 'Rita Wilson', 'Tim Thomerson', 'Gedde Watanabe']",['Nicholas Meyer'],"['United States', 'Mexico']"
In the Company of Men,1997,"['Comedy', 'Drama']",7.1,"Two business executives--one an avowed misogynist, the other recently emotionally wounded by his love interest--set out to exact revenge on the female gender by seeking out the most innocent, uncorrupted girl they can find and ruining her life.","['Aaron Eckhart', 'Stacy Edwards', 'Matt Malloy', 'Michael Martin', 'Mark Rector']",['Neil LaBute'],"['United States', 'Canada']"
Medicine Man,1992,"['Adventure', 'Drama', 'Romance']",6.0,"In the beautiful and dangerous Amazon rainforest, dissimilar people must make their choices between business, science, and love.","['Sean Connery', 'Lorraine Bracco', 'José Wilker', 'Rodolfo De Alejandre', 'Francisco Tsiren Tsere Rereme']",['John McTiernan'],['United States']
Careful,1992,"['Comedy', 'Drama', 'Horror', 'Romance']",7.0,"The wary residents of a 19th century mountain village must tread carefully and speak softly lest they cause an avalanche. Sexual frenzies teem in this world of repression, setting off incestuous love triangles with deadly consequences.","['Kyle McCulloch', 'Gosia Dobrowolska', 'Sarah Neville', 'Brent Neale', 'Paul Cox']",['Guy Maddin'],['Canada']
Wide Awake,1998,"['Comedy', 'Drama', 'Family']",5.8,A 10-year-old boy goes on a search for God after his grandfather dies.,"['Joseph Cross', 'Timothy Reifsnyder', 'Dana Delany', 'Denis Leary', 'Robert Loggia']",['M. Night Shyamalan'],['United States']
Vampires,1998,"['Action', 'Horror', 'Thriller']",6.1,"Recovering from an ambush that killed his entire team, a vengeful vampire slayer must retrieve an ancient Catholic relic that, should it be acquired by vampires, will allow them to walk in sunlight.","['James Woods', 'Daniel Baldwin', 'Sheryl Lee', 'Thomas Ian Griffith', 'Maximilian Schell']",['John Carpenter'],"['Japan', 'United States']"
Prisoner of the Mountains,1996,"['Drama', 'War']",7.5,"Two Russian soldiers, one battle-seasoned and the other barely into his boots and uniform, are taken prisoner by an anxious Islamic father from a remote village hoping to trade them for his captured son.","['Oleg Menshikov', 'Sergey Bodrov', 'Jemal Sikharulidze', 'Susanna Mekhraliyeva', 'Aleksandr Bureyev']",['Sergei Bodrov'],"['Russia', 'Kazakhstan']"
Pleasantville,1998,"['Comedy', 'Drama', 'Fantasy']",7.5,"Two 1990s teenage siblings find themselves transported to a 1950s sitcom where their influence begins to profoundly change that colorless, complacent world.","['William H. Macy', 'Joan Allen', 'Natalie Ramsey', 'Kevin Connors', 'Jeff Daniels']",['Gary Ross'],['United States']
Mars Attacks!,1996,"['Comedy', 'Sci-Fi']",6.4,Earth is invaded by Martians with unbeatable weapons and a cruel sense of humor.,"['Jack Nicholson', 'Glenn Close', 'Annette Bening', 'Pierce Brosnan', 'Danny DeVito']",['Tim Burton'],"['United States', 'Japan', 'United Kingdom']"
Men with Guns,1997,"['Adventure', 'Drama']",7.6,"Humberto Fuentes is a wealthy doctor whose wife has recently died. In spite of the advice of his children, he takes a trip to visit his former students who now work in impoverished villages. His trip soon becomes a quest, politically awakening him when he finds out that one of his students was killed by the army.—Anonymous","['Federico Luppi', 'Damián Delgado', 'Dan Rivera González', 'Tania Cruz', 'Damián Alcázar']",['John Sayles'],"['United States', 'Mexico']"
The Relic,1997,"['Horror', 'Mystery', 'Sci-Fi', 'Thriller']",5.8,"A homicide detective and an anthropologist try to destroy a South American lizard-like God, who's on a people eating rampage in a Chicago museum.","['Penelope Ann Miller', 'Tom Sizemore', 'Linda Hunt', 'James Whitmore', 'Clayton Rohner']",['Peter Hyams'],"['United Kingdom', 'Germany', 'Japan', 'United States']"
Andre,1994,"['Adventure', 'Drama', 'Family']",5.7,The true story of how a seal named Andre befriended a little girl named Toni and her family in 1962.,"['Tina Majorino', 'Chelsea Field', 'Shane Thomas Meier', 'Aidan Pendleton', 'Shirley Broderick']",['George Miller'],['United States']
Beloved,1998,"['Drama', 'History', 'Horror', 'Mystery']",6.1,A slave is visited by the spirit of a mysterious young woman.,"['Yada Beener', 'Emil Pinnock', 'Calen Johnson', 'Oprah Winfrey', 'Beah Richards']",['Jonathan Demme'],['United States']
Quatermass 2,1957,"['Sci-Fi', 'Horror']",6.7,"Professor Quatermass, trying to gather support for his Lunar colonisation project, is intrigued by mysterious traces that have been showing up.","['Brian Donlevy', 'John Longden', 'Sidney James', 'Bryan Forbes', 'William Franklyn']",['Val Guest'],['United Kingdom']
Traveller,1997,"['Crime', 'Drama', 'Romance']",6.1,A man joins a group of nomadic con artists in rural North Carolina.,"['Bill Paxton', 'Mark Wahlberg', 'Julianna Margulies', 'James Gammon', 'Luke Askew']",['Jack N. Green'],['United States']
Body Shots,1999,['Drama'],4.9,"A tale of the mysterious, but necessary, mating ritual between men and women of today and everything they think about sex but are afraid to say.","['Joe Basile', 'Scott Burkholder', 'Liz Coke', 'Allison Dunbar', 'Sean Patrick Flanery']",['Michael Cristofer'],['United States']
Shanghai Triad,1995,"['Crime', 'Drama', 'History', 'Romance', 'Thriller']",7.1,A provincial boy related to a Shanghai crime family is recruited by his uncle into cosmopolitan Shanghai in the 1930s to be a servant to a ganglord's mistress.,"['Gong Li', 'Baotian Li', 'Xiaoxiao Wang', 'Xuejian Li', 'Chun Sun']",['Yimou Zhang'],"['France', 'China']"
Poetic Justice,1993,"['Drama', 'Romance']",6.1,Grieving hairdresser Justice goes on a road trip from South Central L.A. to Oakland on a mail truck alongside her friend and an obnoxious postal worker.,"['Khandi Alexander', 'Maya Angelou', 'Ché J. Avery', 'Lloyd Avery II', 'Kimberly Brooks']",['John Singleton'],['United States']
Thinner,1996,"['Fantasy', 'Horror']",5.8,An obese attorney is cursed by a gypsy to rapidly and uncontrollably lose weight.,"['Robert John Burke', 'Lucinda Jenney', 'Bethany Joy Lenz', 'Time Winters', 'Howard Erskine']",['Tom Holland'],['United States']
Down to You,2000,"['Comedy', 'Drama', 'Romance']",5.0,"College students Al and Imogen meet and fall in love, but fear of commitment causes them to go their separate ways.","['Freddie Prinze Jr.', 'Julia Stiles', 'Selma Blair', 'Shawn Hatosy', 'Zak Orth']",['Kris Isacsson'],['United States']
Nénette and Boni,1996,['Drama'],6.9,"A brother and sister reunite after time apart. But the sister is pregnant, which could either bring the siblings together or tear them apart.","['Grégoire Colin', 'Alice Houri', 'Jacques Nolot', 'Valeria Bruni Tedeschi', 'Vincent Gallo']",['Claire Denis'],['France']
Serial Mom,1994,"['Comedy', 'Crime', 'Thriller']",6.8,"She's the perfect all-American parent: a great cook and homemaker, a devoted recycler, and a woman who'll literally kill to keep her children happy.","['Kathleen Turner', 'Sam Waterston', 'Ricki Lake', 'Matthew Lillard', 'Scott Morgan']",['John Waters'],['United States']
Mystery Men,1999,"['Action', 'Comedy', 'Fantasy', 'Sci-Fi']",6.1,A group of inept amateur superheroes must try to save the day when a supervillain threatens to destroy a major superhero and the city.,"['Hank Azaria', 'Janeane Garofalo', 'William H. Macy', 'Kel Mitchell', 'Paul Reubens']",['Kinka Usher'],['United States']
Dangerous Liaisons,1988,"['Drama', 'Romance']",7.5,A scheming widow and her manipulative ex-lover make a bet regarding the corruption of a recently married woman.,"['Glenn Close', 'John Malkovich', 'Michelle Pfeiffer', 'Swoosie Kurtz', 'Keanu Reeves']",['Stephen Frears'],"['United States', 'United Kingdom']"
Rosetta,1999,['Drama'],7.4,"Young and impulsive Rosetta lives with her alcoholic mother and, moved by despair, she will do anything to maintain a job.","['Émilie Dequenne', 'Fabrizio Rongione', 'Anne Yernaux', 'Olivier Gourmet', 'Bernard Marbaix']","['Jean-Pierre Dardenne', 'Luc Dardenne']","['France', 'Belgium']"
The Outlaw Josey Wales,1976,"['Drama', 'Western']",7.8,Missouri farmer Josey Wales joins a Confederate guerrilla unit and winds up on the run from the Union soldiers who murdered his family.,"['Clint Eastwood', 'Chief Dan George', 'Sondra Locke', 'Bill McKinney', 'John Vernon']",['Clint Eastwood'],['United States']
The Last Temptation of Christ,1988,['Drama'],7.5,"The life of Jesus Christ, his journey through life as he faces the struggles all humans do, and his final temptation on the cross.","['Willem Dafoe', 'Harvey Keitel', 'Paul Greco', 'Steve Shill', 'Verna Bloom']",['Martin Scorsese'],"['Canada', 'United States']"
Soapdish,1991,"['Comedy', 'Romance']",6.6,"An ambitious television soap actress connives with her producer to scuttle the career of the show's long-time star, but nothing works as they plan.","['Cathy Moriarty', 'Teri Hatcher', 'Robert Downey Jr.', 'Sally Field', 'Paul Johansson']",['Michael Hoffman'],['United States']
The Bat,1959,"['Horror', 'Mystery', 'Thriller']",6.0,"A crazed killer known as ""The Bat"" is on the loose in a mansion full of people.","['Vincent Price', 'Agnes Moorehead', 'Gavin Gordon', 'John Sutton', 'Lenita Lane']",['Crane Wilbur'],['United States']
Serpico,1973,"['Biography', 'Crime', 'Drama', 'Thriller']",7.7,An honest New York cop named Frank Serpico blows the whistle on rampant corruption in the force only to have his comrades turn against him.,"['Al Pacino', 'John Randolph', 'Jack Kehoe', 'Biff McGuire', 'Barbara Eda-Young']",['Sidney Lumet'],"['United States', 'Italy']"
Murphy's Romance,1985,"['Comedy', 'Drama', 'Romance']",7.0,"Emma moves to a ranch with her son after a divorce and befriends the older Murphy, but things turn complicated when her ex shows up.","['Sally Field', 'James Garner', 'Brian Kerwin', 'Corey Haim', 'Dennis Burkley']",['Martin Ritt'],['United States']
12 Angry Men,1957,"['Crime', 'Drama']",9.0,The jury in a New York City murder trial is frustrated by a single member whose skeptical caution forces them to more carefully consider the evidence before jumping to a hasty verdict.,"['Martin Balsam', 'John Fiedler', 'Lee J. Cobb', 'E.G. Marshall', 'Jack Klugman']",['Sidney Lumet'],['United States']
White Man's Burden,1995,"['Drama', 'Thriller']",5.3,"In an alternative America where African-Americans and White Americans have reversed cultural roles, a white factory worker kidnaps a black factory owner for dismissing him over perceived disdain.","['John Travolta', 'Harry Belafonte', 'Kelly Lynch', 'Margaret Avery', 'Tom Bower']",['Desmond Nakano'],"['France', 'United States']"
The Nutty Professor,1996,"['Comedy', 'Romance', 'Sci-Fi']",5.7,Grossly overweight yet good-hearted professor Sherman Klump takes a special chemical that turns him into the slim but obnoxious Buddy Love.,"['Eddie Murphy', 'Jada Pinkett Smith', 'James Coburn', 'Larry Miller', 'Dave Chappelle']",['Tom Shadyac'],['United States']
The Opposite of Sex,1998,"['Comedy', 'Drama', 'Romance']",6.4,"A 16-year-old girl visits her gay half-brother and ends up seducing his boyfriend, thus wreaking havoc on all of their lives.","['Christina Ricci', 'Martin Donovan', 'Lisa Kudrow', 'Lyle Lovett', 'Johnny Galecki']",['Don Roos'],['United States']
Female Perversions,1996,"['Drama', 'Fantasy', 'Thriller']",5.3,"An ambitious female attorney wallows in excess and meaningless sex with both male and female partners, while dealing with her personal life problems including helping her kleptomaniac sister.","['Tilda Swinton', 'Amy Madigan', 'Karen Sillas', 'Frances Fisher', 'Clancy Brown']",['Susan Streitfeld'],"['Germany', 'United States']"
Diva,1981,"['Crime', 'Music', 'Thriller']",7.1,"Two tapes, two Parisian mob killers, one corrupt policeman, an opera fan, a teenage thief, and the coolest philosopher ever filmed all twist their way through an intricate and stylish French-language thriller.","['Frédéric Andréi', 'Roland Bertin', 'Richard Bohringer', 'Gérard Darmon', 'Chantal Deruaz']",['Jean-Jacques Beineix'],['France']
Marty,1955,"['Drama', 'Romance']",7.7,A middle-aged butcher and a school teacher who have given up on the idea of love meet at a dance and fall for each other.,"['Ernest Borgnine', 'Betsy Blair', 'Esther Minciotti', 'Augusta Ciolli', 'Joe Mantell']",['Delbert Mann'],['United States']
Pajama Party,1964,"['Comedy', 'Musical', 'Romance', 'Sci-Fi']",4.9,"Sent to Earth to prepare for an invasion, a Martian scout lands amidst a swim party and tries to convince everyone that he really is who he says.","['Tommy Kirk', 'Annette Funicello', 'Elsa Lanchester', 'Harvey Lembeck', 'Jesse White']",['Don Weis'],['United States']
My Family,1995,['Drama'],7.3,A man makes his way from Mexico to Los Angeles in the 1920s and gets married and raises a big family there. The movie follows the children until they get married and start their families in the 1960s.,"['Edward James Olmos', 'Rafael Cortes', 'Ivette Reina', 'Amelia Zapata', 'Jacob Vargas']",['Gregory Nava'],['United States']
In Old California,1942,['Western'],6.3,"During the California Gold Rush, Boston pharmacist Tom Craig sets up shop in Sacramento where he clashes with local town crook Britt Dawson.","['John Wayne', 'Binnie Barnes', 'Albert Dekker', 'Helen Parrish', 'Patsy Kelly']",['William C. McGann'],['United States']
Analyze This,1999,"['Comedy', 'Crime']",6.7,A comedy about a psychiatrist whose number-one patient is an insecure mob boss.,"['Robert De Niro', 'Billy Crystal', 'Lisa Kudrow', 'Chazz Palminteri', 'Kresh Novakovic']",['Harold Ramis'],"['United States', 'Australia']"
The Apple Dumpling Gang Rides Again,1979,"['Comedy', 'Family', 'Western']",6.0,"The adventures of two idiotic outlaw wannabees, Amos and Theodore.","['Tim Conway', 'Don Knotts', 'Tim Matheson', 'Kenneth Mars', 'Elyssa Davalos']",['Vincent McEveety'],['United States']
Maya Lin: A Strong Clear Vision,1994,"['Documentary', 'Biography']",7.3,A film about the work of the artist most famous for her monuments such as the Vietnam Memorial Wall and the Civil Rights Fountain Memorial.,['Maya Lin'],['Freida Lee Mock'],['United States']
Agnes Browne,1999,"['Comedy', 'Drama', 'Romance']",6.5,"The unexpected death of her husband sends a woman and her seven children, ages 2-14, into emotional turmoil and financial crisis in 1967 Dublin. She is forced to borrow money from a ruthless loan shark to make ends meet. She faces her dismal existence by selling fruits and vegetables at an open air market where she spends time with a best friend who gives her encouragement. Wishing to escape her existence, if only for a short time, she dreams of finding enough money to attend an upcoming Tom Jones concert. She realizes her dream by accepting her first date with a French baker. Her kids pool their money so she can buy a new dress. Of course, eventually the family has to face the loan shark, but this is a movie where obstacles are maybe too easily overcome.—John Sacksteder <jsackste@bellsouth.net>","['Anjelica Huston', ""Marion O'Dwyer"", ""Niall O'Shea"", 'Ciaran Owens', 'Roxanna Nic Liam']",['Anjelica Huston'],"['Ireland', 'United States']"
Tales of Terror,1962,"['Comedy', 'Horror', 'Mystery', 'Thriller']",6.8,Three tales of terror involve a grieving widower and the daughter he abandoned; a drunkard and his wife's black cat; and a hypnotist who prolongs the moment of a man's death.,"['Vincent Price', 'Maggie Pierce', 'Leona Gage', 'Peter Lorre', 'Joyce Jameson']",['Roger Corman'],['United States']
The Big Green,1995,"['Comedy', 'Family', 'Sport']",5.5,"A teacher on exchange from England is placed in an underachieving Texas school, where she coaches the students in soccer, improving their self-esteem and leading to unexpected success.","['Steve Guttenberg', ""Olivia d'Abo"", 'Jay O. Sanders', 'John Terry', 'Chauncey Leopardi']",['Holly Goldberg Sloan'],['United States']
Jack & Sarah,1995,"['Comedy', 'Drama', 'Romance']",6.6,A young American woman becomes a nanny in the home of a recent British widower.,"['Richard E. Grant', 'Samantha Mathis', 'Judi Dench', 'Eileen Atkins', 'Cherie Lunghi']",['Tim Sullivan'],"['United Kingdom', 'France']"
101 Dalmatians/Hype!/The Crucible/Palookaville/Ridicule,1996,['Talk-Show'],,"Siskel and Ebert review five new movies. And in ""The Viewer's Thumb"" segment, Gregory Moore criticizes Siskel and Ebert for liking Michael Jordan's acting in ""Space Jam"", claiming they gave him a break because he lives in Chicago.","['Roger Ebert', 'Gregory Moore', 'Gene Siskel']",['Don DuPree'],[]
Die Hard 2,1990,"['Action', 'Thriller']",7.1,"John McClane attempts to avert disaster as rogue military operatives seize control of Dulles International Airport in Washington, D.C.","['Bruce Willis', 'Bonnie Bedelia', 'William Atherton', 'Reginald VelJohnson', 'Franco Nero']",['Renny Harlin'],['United States']
Watership Down,1978,"['Animation', 'Adventure', 'Drama', 'Thriller']",7.6,"Hoping to escape destruction by human developers and save their community, a colony of rabbits, led by Hazel and Fiver, seek out a safe place to set up a new warren.","['John Hurt', 'Richard Briers', 'Michael Graham Cox', 'John Bennett', 'Ralph Richardson']","['Martin Rosen', 'John Hubley']",['United Kingdom']
The Mask,1994,"['Comedy', 'Crime', 'Fantasy']",7.0,Bank clerk Stanley Ipkiss is transformed into a manic superhero when he wears a mysterious mask.,"['Jim Carrey', 'Peter Riegert', 'Peter Greene', 'Amy Yasbeck', 'Richard Jeni']",['Chuck Russell'],['United States']
Crimes of the Heart,1986,"['Comedy', 'Drama']",6.3,Three southern sisters try to come to grips with the meaning of their mother's suicide.,"['Diane Keaton', 'Jessica Lange', 'Sissy Spacek', 'Sam Shepard', 'Tess Harper']",['Bruce Beresford'],['United States']
Extreme Measures,1996,"['Crime', 'Drama', 'Mystery', 'Thriller']",6.2,A young doctor confronts a famous colleague when he learns about the true methods of his work.,"['Hugh Grant', 'Gene Hackman', 'Sarah Jessica Parker', 'David Morse', 'Bill Nunn']",['Michael Apted'],"['United Kingdom', 'United States', 'Canada']"
Old Yeller,1957,"['Adventure', 'Drama', 'Family', 'Western']",7.2,"A teenage boy grows to love a stray yellow dog while helping his mother and younger brother run their Texas homestead while their father is away on a cattle drive. First thought to be good-for-nothing mutt, Old Yeller is soon beloved by all.","['Dorothy McGuire', 'Fess Parker', 'Jeff York', 'Chuck Connors', 'Beverly Washburn']",['Robert Stevenson'],['United States']
Affliction,1997,"['Drama', 'Mystery', 'Thriller']",6.9,A deeply troubled small-town cop investigates a suspicious hunting death while other events jeopardize his sanity.,"['Nick Nolte', 'Brigid Tierney', 'Holmes Osborne', 'Jim True-Frost', 'Tim Post']",['Paul Schrader'],"['United States', 'Canada', 'Japan']"
Reds,1981,"['Biography', 'Drama', 'History', 'Romance']",7.3,"A radical American journalist becomes involved with the Communist revolution in Russia, and hopes to bring its spirit and idealism to the United States.","['Warren Beatty', 'Diane Keaton', 'Edward Herrmann', 'Jerzy Kosinski', 'Jack Nicholson']",['Warren Beatty'],['United States']
Passion Fish,1992,['Drama'],7.3,"After an accident leaves her a paraplegic, a former soap opera star struggles to recover both emotionally and mentally, until she meets her newest nurse, who has struggles of her own.","['Mary McDonnell', 'Angela Bassett', 'Lenore Banks', 'William Mahoney', 'Nelle Stokes']",['John Sayles'],['United States']
Wishmaster,1997,"['Fantasy', 'Horror']",5.8,"A demonic djinn attempts to grant its owner three wishes, which will allow him to summon his brethren to Earth.","['Angus Scrimm', 'Ari Barak', 'Jake McKinnon', 'Greg Funk', 'Andrew Divoff']",['Robert Kurtzman'],['United States']
Sweet and Lowdown,1999,"['Comedy', 'Drama', 'Music']",7.2,"In the 1930s, jazz guitarist Emmet Ray idolizes Django Reinhardt, faces gangsters and falls in love with a mute woman.","['Woody Allen', 'Ben Duncan', 'Daniel Okrent', 'Dan Moran', 'Tony Darrow']",['Woody Allen'],['United States']
The Contender,2000,"['Drama', 'Thriller']",6.9,"Senator Laine Hanson is a contender for U.S. Vice President, but information and disinformation about her past surfaces that threatens to derail her confirmation.","['Gary Oldman', 'Joan Allen', 'Jeff Bridges', 'Christian Slater', 'Sam Elliott']",['Rod Lurie'],"['United States', 'Germany', 'United Kingdom']"
Magnum Force,1973,"['Action', 'Crime', 'Mystery', 'Thriller']",7.2,"Inspector ""Dirty"" Harry Callahan pursues a conspiracy of vigilante cops, who are not above going beyond the law to kill San Francisco's undesirables.","['Clint Eastwood', 'Hal Holbrook', 'Mitchell Ryan', 'David Soul', 'Tim Matheson']",['Ted Post'],['United States']
Hoosiers,1986,"['Drama', 'Sport']",7.4,A coach with a checkered past and a local drunk train a small-town high school basketball team to become a top contender for the state championship in 1950s Indiana.,"['Gene Hackman', 'Barbara Hershey', 'Dennis Hopper', 'Sheb Wooley', 'Fern Persons']",['David Anspaugh'],"['United States', 'United Kingdom']"
Gabbeh,1996,"['Drama', 'Mystery', 'Romance']",6.9,When an old couple washes their gabbeh - a type of Persian rug - a young woman magically appears and tells them her life story.,"['Abbas Sayah', 'Shaghayeh Djodat', 'Hossein Moharami', 'Rogheih Moharami', 'Parvaneh Ghalandari']",['Mohsen Makhmalbaf'],"['Iran', 'France']"
The Mirror Has Two Faces,1996,"['Comedy', 'Drama', 'Romance']",6.6,"A shy, middle-aged professor enters into a romantic but non-physical relationship with an unlucky-in-love colleague.","['Barbra Streisand', 'Jeff Bridges', 'Lauren Bacall', 'George Segal', 'Mimi Rogers']",['Barbra Streisand'],['United States']
"Sex, Lies, and Videotape",1989,['Drama'],7.2,A sexually repressed woman's husband is having an affair with her sister. The arrival of a visitor with a rather unusual fetish changes everything.,"['James Spader', 'Andie MacDowell', 'Peter Gallagher', 'Laura San Giacomo', 'Ron Vawter']",['Steven Soderbergh'],['United States']
"Love, the Magician",1986,"['Music', 'Drama']",6.9,"In a Gypsy village, the fathers of Candela and José promise their children to each other. Years later, the unfaithful José marries Candela but while defending his lover Lucía in a brawl, he is stabbed to death. Carmelo, who secretly loves Candela since he was a boy, is arrested while helping José and unfairly sent to prison. Four years later he is released and declares his love for Candela. However, the woman is cursed by a bewitched love and every night she goes to the place where José died to dance with his ghost.—Claudio Carvalho, Rio de Janeiro, Brazil","['Antonio Gades', 'Cristina Hoyos', 'Laura del Sol', 'Juan Antonio Jiménez', 'Emma Penella']",['Carlos Saura'],['Spain']
And God Created Woman,1988,"['Comedy', 'Drama', 'Romance']",4.4,"Aspiring and incarcerated rock singer, Robin Shea (Rebecca De Mornay) seduces hardworking carpenter Billy Moran (Vincent Spano). Robin marries Billy to get out of jail, but Robin's concerns are on politician James Tiernan (Frank Langella).","['Rebecca De Mornay', 'Vincent Spano', 'Frank Langella', 'Donovan Leitch Jr.', 'Judith Chapman']",['Roger Vadim'],['United States']
Saboteur,1942,"['Thriller', 'War']",7.1,A young man accused of sabotage goes on the run to prove his innocence.,"['Priscilla Lane', 'Robert Cummings', 'Otto Kruger', 'Alan Baxter', 'Clem Bevans']",['Alfred Hitchcock'],['United States']
Saving Grace,2000,"['Comedy', 'Crime']",6.9,"A small-town English widow, facing financial troubles after her husband's suicide, turns to agriculture of an illegal kind.","['Brenda Blethyn', 'Craig Ferguson', 'Martin Clunes', 'Tchéky Karyo', 'Jamie Foreman']",['Nigel Cole'],['United Kingdom']
Love in the Afternoon,1957,"['Comedy', 'Crime', 'Drama', 'Romance']",7.1,A middle-aged playboy becomes fascinated by the daughter of a private detective who has been hired to entrap him with the wife of a client.,"['Gary Cooper', 'Audrey Hepburn', 'Maurice Chevalier', 'John McGiver', 'Van Doude']",['Billy Wilder'],['United States']
Courage Under Fire,1996,"['Action', 'Drama', 'Mystery', 'Thriller', 'War']",6.6,"A U.S. Army officer, despondent about a deadly mistake he made, investigates a female chopper commander's worthiness for the Medal of Honor.","['Denzel Washington', 'Meg Ryan', 'Lou Diamond Phillips', 'Michael Moriarty', 'Matt Damon']",['Edward Zwick'],['United States']
Anywhere But Here,1999,"['Comedy', 'Drama']",6.2,A mother and daughter search for success in Beverly Hills.,"['Susan Sarandon', 'Natalie Portman', 'Hart Bochner', 'Eileen Ryan', 'Ray Baker']",['Wayne Wang'],['United States']
The Gay Deceivers,1969,['Comedy'],5.9,"Danny and Elliot avoid military service by pretending to be gay, but they have to act the part when the recruiting officer doesn't buy it.","['Kevin Coughlin', 'Brooke Bundy', 'Lawrence P. Casey', 'Jo Ann Harris', 'Michael Greer']",['Bruce Kessler'],['United States']
New Nightmare,1994,"['Fantasy', 'Horror', 'Mystery', 'Thriller']",6.4,A demonic force has chosen Freddy Krueger as its portal to the real world. Can Heather Langenkamp play the part of Nancy one last time and trap the evil trying to enter our world?,"['Jf Davis', 'Heather Langenkamp', 'Miko Hughes', 'Matt Winston', 'Rob LaBelle']",['Wes Craven'],['United States']
Joe Gould's Secret,2000,['Drama'],6.6,"Around 1940, The New Yorker staff writer Joe Mitchell meets Joe Gould, a Greenwich Village character, who is writing a voluminous Oral History of the World, a record of twenty thousand conversations he's overheard.","['Ian Holm', 'Stanley Tucci', 'Hope Davis', 'Sarah Hyland', 'Hallee Hirsh']",['Stanley Tucci'],['United States']
American Beauty,1999,['Drama'],8.3,A sexually frustrated suburban father has a mid-life crisis after becoming infatuated with his daughter's best friend.,"['Kevin Spacey', 'Annette Bening', 'Thora Birch', 'Wes Bentley', 'Mena Suvari']",['Sam Mendes'],['United States']
Super Mario Bros.,1993,"['Adventure', 'Comedy', 'Family', 'Fantasy', 'Sci-Fi']",4.2,"Two Brooklyn plumbers, Mario and Luigi, must travel to another dimension to rescue a princess from the evil dictator King Koopa and stop him from taking over the world.","['Bob Hoskins', 'John Leguizamo', 'Dennis Hopper', 'Samantha Mathis', 'Fisher Stevens']","['Annabel Jankel', 'Rocky Morton']","['United Kingdom', 'United States', 'Japan', 'France']"
American Women,2000,['Comedy'],6.2,"Irish lads send an ad to the Miami Herald inviting fit and enticing women, between the ages of 20 and 21, to live in their isolated Donegal village. The whole town knows about the ad, and it sharpens everyone's sense of the opportunities for happiness already at hand. Kate, a publican with a young daughter, is separating from her husband and catches the eye of a bachelor sheep farmer. Kieran the butcher realizes that his assistant Siobhan is comely, and then he discovers she's fiery as well. Ollie sends off for Dutch skin magazines that the village postmistress won't release to him. The men, and women, find counsel in their movie-loving priest. Will anyone answer the ad?—<jhailey@hotmail.com>","['Ian Hart', 'Sean McGinley', 'Niamh Cusack', 'Ruth McCabe', 'Ewan Stewart']",['Aileen Ritchie'],"['Ireland', 'United Kingdom']"
The Transformers: The Movie,1986,"['Animation', 'Action', 'Adventure', 'Family', 'Sci-Fi']",7.2,"The Autobots must stop a colossal planet-consuming robot who goes after the Autobot Matrix of Leadership. At the same time, they must defend themselves against an all-out attack from the Decepticons.","['Norman Alden', 'Jack Angel', 'Michael Bell', 'Gregg Berger', 'Susan Blu']",['Nelson Shin'],"['United States', 'Japan']"
Dead Ringers,1988,"['Drama', 'Horror', 'Thriller']",7.2,"Twin gynecologists take full advantage of the fact that nobody can tell them apart, until their relationship begins to deteriorate over a woman.","['Jeremy Irons', 'Geneviève Bujold', 'Heidi von Palleske', 'Barbara Gordon', 'Shirley Douglas']",['David Cronenberg'],['Canada']
End of Days,1999,"['Action', 'Fantasy', 'Horror', 'Thriller']",5.8,"At the end of the century, Satan visits New York in search of a bride. It's up to an ex-cop who now runs an elite security outfit to stop him.","['Arnold Schwarzenegger', 'Gabriel Byrne', 'Robin Tunney', 'Kevin Pollak', 'CCH Pounder']",['Peter Hyams'],['United States']
A Bronx Tale,1993,"['Crime', 'Drama']",7.8,"An intense drama about a boy torn between his tough, hard-working father and a violent yet charismatic crime boss.","['Robert De Niro', 'Chazz Palminteri', 'Lillo Brancato', 'Francis Capra', 'Taral Hicks']",['Robert De Niro'],['United States']
The Spiral Staircase,1946,"['Drama', 'Horror', 'Mystery', 'Thriller']",7.3,"In 1916, a shadowy serial killer is targeting women with ""afflictions""; one night during a thunderstorm, the mute Helen feels menaced.","['Dorothy McGuire', 'George Brent', 'Ethel Barrymore', 'Kent Smith', 'Rhonda Fleming']",['Robert Siodmak'],['United States']
Cotton Mary,1999,['Drama'],5.2,"A British family is trapped between culture, tradition, and the colonial sins of the past.","['Greta Scacchi', 'Madhur Jaffrey', 'James Wilby', 'Sarah Badel', 'Riju Bajaj']","['Ismail Merchant', 'Madhur Jaffrey']","['France', 'United Kingdom', 'United States']"
Ghostbusters II,1989,"['Action', 'Comedy', 'Fantasy', 'Sci-Fi']",6.6,The discovery of a massive river of ectoplasm and a resurgence of spectral activity allows the staff of Ghostbusters to revive the business.,"['Bill Murray', 'Dan Aykroyd', 'Sigourney Weaver', 'Harold Ramis', 'Rick Moranis']",['Ivan Reitman'],['United States']
Santa Fe Trail,1940,"['Drama', 'War', 'Western']",6.2,"In 1854, Jeb Stuart, George Custer and other graduates from West Point are posted to Kansas to help pacify the territory before railroad construction to Santa Fe can resume.","['Errol Flynn', 'Olivia de Havilland', 'Raymond Massey', 'Ronald Reagan', 'Alan Hale']",['Michael Curtiz'],['United States']
Smilla's Sense of Snow,1997,"['Crime', 'Drama', 'Mystery', 'Sci-Fi', 'Thriller']",6.3,"A 6 y.o. Inuit boy runs off a snowy roof in Copenhagen and dies. Smilla, a half Inuit who lives in the building and knows the boy, looks into it. What makes an acrophobic boy run up on the roof? The clues take her to Greenland.","['Jens Jørgen Fleischer', 'Julia Ormond', 'Agga Olsen', 'Patrick Field', 'Matthew Marsh']",['Bille August'],"['Denmark', 'Germany', 'Sweden']"
Man on the Moon,1999,"['Biography', 'Comedy', 'Drama']",7.4,The life and career of legendary comedian Andy Kaufman.,"['Jim Carrey', 'Gerry Becker', 'Greyson Erik Pendry', 'Brittany Colonna', 'Leslie Lyles']",['Milos Forman'],"['United Kingdom', 'Germany', 'Japan', 'United States']"
Anchors Aweigh,1945,"['Comedy', 'Fantasy', 'Musical']",7.0,A pair of sailors on leave try to help a movie extra become a singing star.,"['Frank Sinatra', 'Kathryn Grayson', 'Gene Kelly', 'José Iturbi', 'Dean Stockwell']","['George Sidney', 'Joseph Barbera', 'William Hanna']",['United States']
The Grand Illusion,1937,"['Drama', 'War']",8.1,"During WWI, two French soldiers are captured and imprisoned in a German P.O.W. camp. Several escape attempts follow until they are eventually sent to a seemingly inescapable fortress.","['Jean Gabin', 'Dita Parlo', 'Pierre Fresnay', 'Erich von Stroheim', 'Julien Carette']",['Jean Renoir'],['France']
Practical Magic,1998,"['Comedy', 'Drama', 'Fantasy', 'Romance']",6.3,"Two witch sisters, raised by their eccentric aunts in a small town, face closed-minded prejudice and a curse which threatens to prevent them ever finding lasting love.","['Sandra Bullock', 'Nicole Kidman', 'Stockard Channing', 'Dianne Wiest', 'Goran Visnjic']",['Griffin Dunne'],['United States']
Private Parts,1997,"['Biography', 'Comedy', 'Drama']",6.9,"The autobiographical story of Howard Stern, the radio rebel who is now also a TV personality, an author and a movie star.","['Howard Stern', 'Robin Quivers', 'Mary McCormack', 'Fred Norris', 'Paul Giamatti']",['Betty Thomas'],['United States']
The Terminator,1984,"['Action', 'Adventure', 'Sci-Fi']",8.1,A cyborg assassin from the future attempts to find and kill a young woman who is destined to give birth to a warrior that will lead a resistance to save humankind from extinction.,"['Arnold Schwarzenegger', 'Michael Biehn', 'Linda Hamilton', 'Paul Winfield', 'Lance Henriksen']",['James Cameron'],"['United Kingdom', 'United States']"
Halloween: The Curse of Michael Myers,1995,"['Horror', 'Thriller']",4.7,"Six years after Michael Myers last terrorized Haddonfield, he returns there in pursuit of his niece, Jamie Lloyd, who has escaped with her newborn child, for which Michael and a mysterious cult have sinister plans.","['Donald Pleasence', 'Paul Rudd', 'Marianne Hagan', 'Mitchell Ryan', 'Kim Darby']",['Joe Chappelle'],['United States']
Lost Horizon,1937,"['Adventure', 'Drama', 'Fantasy', 'Mystery']",7.6,"When a revered diplomat's plane is diverted and crashes in the peaks of Tibet, he and the other survivors are guided to an isolated monastery at Shangri-La, where they wrestle with the invitation to stay.","['Ronald Colman', 'Jane Wyatt', 'Edward Everett Horton', 'John Howard', 'Thomas Mitchell']",['Frank Capra'],['United States']
See the Sea,1997,"['Drama', 'Thriller']",6.8,"While waiting her husband return from a business trip, a young woman with a baby is getting close with a strange woman traveler.","['Sasha Hails', 'Marina de Van', 'Samantha', 'Paul Raoux', 'Nicolas Brevière']",['François Ozon'],['France']
Citizen Kane,1941,"['Drama', 'Mystery']",8.3,"Following the death of publishing tycoon Charles Foster Kane, reporters scramble to uncover the meaning of his final utterance: 'Rosebud.'","['Joseph Cotten', 'Dorothy Comingore', 'Agnes Moorehead', 'Ruth Warrick', 'Ray Collins']",['Orson Welles'],['United States']
A Perfect Candidate,1996,['Documentary'],7.3,"The filmmakers follow Oliver North's unsuccessful 1994 bid for a Virginia Senate seat, focusing on North's campaign strategist, Mark Goodin, and a Washington Post reporter. Mudslinging ensues.","['Don Baker', 'Mark Goodin', 'Mark Merritt', 'Peter Baker', 'Glen Bolger']","['R.J. Cutler', 'David Van Taylor']",['United States']
Romper Stomper,1992,"['Crime', 'Drama', 'Thriller']",6.8,A group of skinheads become alarmed at the way their neighbourhood is changing.,"['Russell Crowe', 'Daniel Pollock', 'Jacqueline McKenzie', 'Alex Scott', 'Leigh Russell']",['Geoffrey Wright'],['Australia']
Delicatessen,1991,"['Comedy', 'Crime']",7.5,Post-apocalyptic surrealist black comedy about the landlord of an apartment building who occasionally prepares a delicacy for his odd tenants.,"['Pascal Benezech', 'Dominique Pinon', 'Marie-Laure Dougnac', 'Jean-Claude Dreyfus', 'Karin Viard']","['Marc Caro', 'Jean-Pierre Jeunet']",['France']
Back to the Future Part III,1990,"['Adventure', 'Comedy', 'Sci-Fi', 'Western']",7.4,"Stranded in 1955, Marty McFly learns about the death of Doc Brown in 1885 and must travel back in time to save him. With no fuel readily available for the DeLorean, the two must figure how to escape the Old West before Emmett is murdered.","['Michael J. Fox', 'Christopher Lloyd', 'Mary Steenburgen', 'Tom Wilson', 'Lea Thompson']",['Robert Zemeckis'],['United States']
Calendar Girl,1993,"['Comedy', 'Drama']",5.1,"Three young men go on an end of the summer trip to Hollywood, California. Their quest: to fulfill the fantasy of meeting Marilyn Monroe.","['Jason Priestley', 'Gabriel Olds', ""Jerry O'Connell"", 'Joe Pantoliano', 'Steve Railsback']",['John Whitesell'],['United States']
Cool Runnings,1993,"['Adventure', 'Comedy', 'Family', 'History', 'Sport']",7.0,"When a Jamaican sprinter is disqualified from the Olympic Games, he enlists the help of a dishonored coach to start the first Jamaican Bobsled Team.","['Leon', 'Doug E. Doug', 'Rawle D. Lewis', 'Malik Yoba', 'John Candy']",['Jon Turteltaub'],['United States']
Destination Moon,1950,"['Adventure', 'Drama', 'Sci-Fi', 'Thriller']",6.3,"""Destination Moon"", tells the tale of when Doctor Charles Cargraves and retired General Thayer approach Jim Barnes, the head of his own aviation construction firms to help build a rocket that will take them to the moon.","['John Archer', 'Warner Anderson', 'Tom Powers', 'Dick Wesson', ""Erin O'Brien-Moore""]",['Irving Pichel'],['United States']
Frankenstein Meets the Wolf Man,1943,"['Fantasy', 'Horror', 'Sci-Fi']",6.4,"The resurrected Wolf Man, seeking a cure for his malady, enlists the aid of a mad scientist, who claims he will not only rid the Wolf Man of his nocturnal metamorphosis, but also revive the frozen body of Frankenstein's inhuman creation.","['Lon Chaney Jr.', 'Ilona Massey', 'Patric Knowles', 'Lionel Atwill', 'Bela Lugosi']",['Roy William Neill'],['United States']
Flying Tigers,1942,"['Action', 'Drama', 'Romance', 'War']",6.7,Capt. Jim Gordon's command of the famed American volunteer fighter group in China is complicated by the recruitment of an old friend who is a reckless hotshot.,"['John Wayne', 'John Carroll', 'Anna Lee', 'Paul Kelly', 'Gordon Jones']",['David Miller'],['United States']
The Replacements,2000,"['Comedy', 'Sport']",6.6,"During a pro football strike, the owners hire substitute players.","['Keanu Reeves', 'Gene Hackman', 'Brooke Langton', 'Orlando Jones', 'Faizon Love']",['Howard Deutch'],['United States']
Around the World in 80 Days,1956,"['Adventure', 'Comedy', 'Family', 'Romance']",6.7,A Victorian Englishman bets that with the new steamships and railways he can circumnavigate the globe in eighty days.,"['Cantinflas', 'Finlay Currie', 'Robert Morley', 'Ronald Squire', 'Basil Sydney']","['Michael Anderson', 'John Farrow']",['United States']
Jakob the Liar,1999,"['Comedy', 'Drama', 'War']",6.5,"During World War II, an ordinary inhabitant of a ghetto fakes news about Allied offensives to inspire hope for other victims of the Nazi regime.","['Robin Williams', 'Hannah Taylor Gordon', 'Éva Igó', 'István Bálint', 'Justus von Dohnányi']",['Peter Kassovitz'],"['France', 'Germany', 'United States']"
Love and a .45,1994,"['Crime', 'Romance', 'Thriller']",6.0,"A small time crook flees to Mexico to evade the authorities, loan sharks, and his murderous ex-partner with only his fiancé and a trusted Colt .45.","['Gil Bellows', 'Renée Zellweger', 'Rory Cochrane', 'Jeffrey Combs', 'Jace Alexander']",['C.M. Talkington'],['United States']
Pitch Black,2000,"['Horror', 'Sci-Fi', 'Thriller']",7.0,A transport ship crashes and leaves its crew stranded on a desert planet inhabited by bloodthirsty creatures that come out during an eclipse.,"['Vin Diesel', 'Radha Mitchell', 'Cole Hauser', 'Keith David', 'Lewis Fitz-Gerald']",['David Twohy'],['United States']
Celtic Pride,1996,"['Comedy', 'Sport']",5.3,Two over-loyal Celtic fans kidnap their opponent's star player in order to guarantee their team the championship.,"['Damon Wayans', 'Daniel Stern', 'Dan Aykroyd', ""Gail O'Grady"", 'Christopher McDonald']",['Tom DeCerchio'],['United States']
U2: Rattle and Hum,1988,"['Documentary', 'Music']",7.6,A documentary of the Irish rock group U2 on their Fall 1987 tour of North America.,"['Bono', 'The Edge', 'Adam Clayton', 'Larry Mullen Jr.', 'B.B. King']",['Phil Joanou'],['United States']
Trouble in Paradise,1932,"['Comedy', 'Crime', 'Romance']",7.9,A gentleman thief and a lady pickpocket join forces to con a beautiful perfume company owner. Romantic entanglements and jealousies confuse the scheme.,"['Miriam Hopkins', 'Kay Francis', 'Herbert Marshall', 'Charles Ruggles', 'Edward Everett Horton']",['Ernst Lubitsch'],['United States']
The Thing from Another World,1951,"['Horror', 'Sci-Fi']",7.1,Scientists and American Air Force officials fend off a bloodthirsty alien organism while at a remote arctic outpost.,"['Margaret Sheridan', 'Kenneth Tobey', 'Robert Cornthwaite', 'Douglas Spencer', 'James Young']","['Christian Nyby', 'Howard Hawks']",['United States']
Father of the Bride,1950,"['Comedy', 'Drama', 'Romance']",7.1,"The father of a young woman deals with the emotional pain of her getting married, along with the financial and organizational trouble of arranging the wedding.","['Spencer Tracy', 'Joan Bennett', 'Elizabeth Taylor', 'Don Taylor', 'Billie Burke']",['Vincente Minnelli'],['United States']
Wing Commander,1999,"['Action', 'Adventure', 'Sci-Fi']",4.3,"Blair, a fighter pilot, joins an interstellar war to fight the evil Kilrathi who are trying to destroy the universe.","['Freddie Prinze Jr.', 'Saffron Burrows', 'Matthew Lillard', 'Tchéky Karyo', 'Jürgen Prochnow']",['Chris Roberts'],"['Luxembourg', 'United States']"
"'night, Mother",1986,['Drama'],7.5,Mother and daughter Thelma and Jessie Cates spend a night together after Jessie reveals that she will kill herself by the end of it in this cinema adaptation of Marsha Norman's Pulitzer prize-winning Broadway play.,"['Sissy Spacek', 'Anne Bancroft', 'Ed Berke', 'Carol Robbins', 'Jennifer Roosendahl']",['Tom Moore'],['United States']
The Faculty,1998,"['Horror', 'Mystery', 'Sci-Fi']",6.6,"When Casey Connor, Herrington High School's newspaper photographer, witnesses the murder of a nurse and sees her alive again, he decides to investigate the bizarre happenings.","['Jordana Brewster', 'Clea DuVall', 'Laura Harris', 'Josh Hartnett', 'Shawn Hatosy']",['Robert Rodriguez'],"['United States', 'Mexico']"
Needful Things,1993,"['Crime', 'Drama', 'Fantasy', 'Horror', 'Thriller']",6.3,"A mysterious new shop opens in a small town which always seems to stock the deepest desires of each shopper, with a price far heavier than expected.","['Max von Sydow', 'Ed Harris', 'Bonnie Bedelia', 'Amanda Plummer', 'J.T. Walsh']",['Fraser C. Heston'],"['United States', 'Canada']"
He Got Game,1998,"['Drama', 'Sport']",6.9,A basketball player's father must try to convince him to go to a college so he can get a shorter sentence.,"['Denzel Washington', 'Ray Allen', 'Milla Jovovich', 'Rosario Dawson', 'Hill Harper']",['Spike Lee'],['United States']
Drowning Mona,2000,"['Comedy', 'Crime', 'Mystery']",5.7,"When a woman drives a car into the river to her death, everyone in town becomes a suspect.","['Danny DeVito', 'Bette Midler', 'Neve Campbell', 'Jamie Lee Curtis', 'Casey Affleck']",['Nick Gomez'],['United States']
Patton,1970,"['Biography', 'Drama', 'War']",7.9,The World War II phase of the career of controversial American general George S. Patton.,"['George C. Scott', 'Karl Malden', 'Stephen Young', 'Michael Strong', 'Carey Loftin']",['Franklin J. Schaffner'],['United States']
Scream,1996,"['Horror', 'Mystery']",7.4,"A year after the murder of her mother, a teenage girl is terrorized by a masked killer who targets her and her friends by using scary movies as part of a deadly game.","['Drew Barrymore', 'Roger Jackson', 'Kevin Patrick Walls', 'David Booth', 'Carla Hatley']",['Wes Craven'],['United States']
Arachnophobia,1990,"['Comedy', 'Horror', 'Thriller']",6.5,"A new species of South American killer spider hitches a lift to a California town in a coffin and starts to breed, leaving a trail of deaths that puzzle and terrify young Dr. Ross Jennings, who is newly arrived in town with his family.","['Jeff Daniels', 'Harley Jane Kozak', 'John Goodman', 'Julian Sands', 'Stuart Pankin']",['Frank Marshall'],"['United States', 'Venezuela']"
Foxfire,1996,"['Drama', 'Romance']",6.1,"Legs Sadovsky gets four other high school girls to think for themselves and react to a teacher's sexual harassment, which gets them suspended. They bond, and rebel, at an abandoned house.","['Hedy Burress', 'Angelina Jolie', 'Jenny Lewis', 'Jenny Shimizu', 'Sarah Rosenberg']",['Annette Haywood-Carter'],['United States']
Plunkett & Macleane,1999,"['Action', 'Adventure', 'Comedy', 'Crime', 'Drama']",6.3,"Two robbers are persecuted by the law, whose servants are not much better and even worse.","['Jonny Lee Miller', 'Iain Robertson', 'Robert Carlyle', 'Ken Stott', 'Liv Tyler']",['Jake Scott'],['United Kingdom']
Twin Dragons,1992,"['Action', 'Comedy']",6.4,"Identical twins are separated at birth, one becoming a streetwise mechanic, and the other an acclaimed classical concert conductor. Finally meeting in adulthood, they each become mistaken for the other and entangled in each other's world.","['Jackie Chan', 'Maggie Cheung', 'Teddy Robin Kwan', 'James Wong', 'Sylvia Chang']","['Tsui Hark', 'Ringo Lam']",['Hong Kong']
Lulu on the Bridge,1998,"['Drama', 'Music', 'Mystery', 'Romance']",6.2,A famous jazz saxophonist's life is forever changed after he is accidentally shot.,"['Harvey Keitel', 'Richard Edson', 'Don Byron', 'Kevin Corrigan', 'Mira Sorvino']",['Paul Auster'],"['United Kingdom', 'United States']"
The Very Thought of You,1998,"['Comedy', 'Romance']",6.4,"Three childhood friends separately fall for cute American Martha, and within three days of her arrival at a London airport, their friendship is at risk.","['Monica Potter', 'Rufus Sewell', 'Tom Hollander', 'Joseph Fiennes', 'Ray Winstone']",['Nick Hamm'],['United Kingdom']
House Party 2,1991,"['Comedy', 'Drama', 'Music']",5.3,"When Kid's college money is stolen by a crooked music promoter, Play's solution is to stage the 'mutha' of all pajama parties. Starring Kid 'n Play and Martin Lawrence.","['Christopher Reid', 'Christopher Martin', 'Martin Lawrence', 'Bowlegged Lou', 'Paul Anthony']","['George Jackson', 'Doug McHenry']",['United States']
Mutiny on the Bounty,1935,"['Adventure', 'Biography', 'Drama', 'History', 'Romance']",7.6,"First mate Fletcher Christian leads a revolt against his sadistic commander, Captain Bligh, in this classic seafaring adventure, based on the real-life 1789 mutiny.","['Charles Laughton', 'Clark Gable', 'Franchot Tone', 'Herbert Mundin', 'Eddie Quillan']",['Frank Lloyd'],['United States']
"Happy, Texas",1999,"['Action', 'Comedy', 'Crime', 'Drama', 'Romance']",6.3,"3 prisoners escape. 2 end up in Happy, Texas, where they're mistaken for a gay couple expected there to help with the small girls beauty pageant. As the 2 are paid $1000, they decide to stay until the heat is gone.","['Jeremy Northam', 'Steve Zahn', 'William H. Macy', 'Ally Walker', 'Illeana Douglas']",['Mark Illsley'],['United States']
The Conformist,1970,['Drama'],7.9,"A weak-willed Italian man becomes a fascist flunky who goes abroad to arrange the assassination of his old teacher, now a political dissident.","['Jean-Louis Trintignant', 'Stefania Sandrelli', 'Gastone Moschin', 'Enzo Tarascio', 'Fosco Giachetti']",['Bernardo Bertolucci'],"['Italy', 'France', 'West Germany']"
Chinese Box,1997,"['Drama', 'Romance']",6.2,"The story of Hong Kong, from New Year's Day to June 30th, 1997, when the British left their colony and turned it over to the People's Republic of China.","['Jeremy Irons', 'Maggie Cheung', 'Gong Li', 'Michael Hui', 'Emma Lucia']",['Wayne Wang'],"['France', 'Japan', 'United States']"
Shadowlands,1993,"['Biography', 'Drama', 'Romance']",7.3,"C.S. Lewis, a world-renowned Christian theologian, writer and professor, leads a passionless life until he meets spirited poet Joy Gresham from the U.S.","['Julian Fellowes', 'Roddy Maude-Roxby', 'Michael Denison', 'Andrew Seear', 'Tim McMullan']",['Richard Attenborough'],['United Kingdom']
The Doors,1991,"['Biography', 'Drama', 'Music']",7.2,"The story of the famous and influential 1960s rock band The Doors and its lead singer and composer, Jim Morrison, from his days as a UCLA film student in Los Angeles, to his untimely death in Paris, France at age 27 in 1971.","['Val Kilmer', 'Meg Ryan', 'Kyle MacLachlan', 'Frank Whaley', 'Kevin Dillon']",['Oliver Stone'],"['France', 'United States']"
Hellbound: Hellraiser II,1988,"['Horror', 'Thriller']",6.4,"Kirsty is brought to an institution after the horrible events of Hellraiser (1987), where the occult-obsessive head doctor resurrects Julia and unleashes the Cenobites and their demonic underworld.","['Clare Higgins', 'Ashley Laurence', 'Kenneth Cranham', 'Imogen Boorman', 'Sean Chapman']",['Tony Randel'],['United Kingdom']
The Blue Lagoon,1980,"['Adventure', 'Drama', 'Romance']",5.8,"During the Victorian period, two preteen cousins are shipwrecked on a tropical island in the South Pacific and enjoy a simple life together until puberty complicates matters.","['Brooke Shields', 'Christopher Atkins', 'Leo McKern', 'William Daniels', 'Elva Josephson']",['Randal Kleiser'],['United States']
The Sweet Hereafter,1997,['Drama'],7.4,"A bus crash in a small town brings a lawyer to defend the families, but he discovers everything isn't what it seems.","['Ian Holm', 'Caerthan Banks', 'Sarah Polley', 'Tom McCamus', 'Gabrielle Rose']",['Atom Egoyan'],['Canada']
Yojimbo,1961,"['Action', 'Drama', 'Thriller']",8.2,A crafty ronin comes to a town divided by two criminal gangs and decides to play them against each other to free the town.,"['Toshirô Mifune', 'Tatsuya Nakadai', 'Yôko Tsukasa', 'Isuzu Yamada', 'Daisuke Katô']",['Akira Kurosawa'],['Japan']
A Family Thing,1996,"['Comedy', 'Drama']",7.1,"When an old woman dies, she leaves a note for her apparent son (Robert Duvall) which tells him that his biological mother died giving birth to him. She begs him to make peace with his half-brother (James Earl Jones) living in Chicago.","['Robert Duvall', 'James Earl Jones', 'Michael Beach', 'Irma P. Hall', 'Grace Zabriskie']",['Richard Pearce'],['United States']
The Dark Crystal,1982,"['Adventure', 'Family', 'Fantasy']",7.1,"On another planet in the distant past, a Gelfling embarks on a quest to find the missing shard of a magical crystal, and to restore order to his world.","['Jim Henson', 'Kathryn Mullen', 'Frank Oz', 'Dave Goelz', 'Steve Whitmire']","['Jim Henson', 'Frank Oz']","['United Kingdom', 'United States']"
Bedknobs and Broomsticks,1971,"['Animation', 'Adventure', 'Comedy', 'Family', 'Fantasy', 'Musical']",7.1,"An apprentice witch, three kids, and a cynical magician conman search for the missing component to a magic spell to be used in the defense of Britain in World War II.","['Angela Lansbury', 'David Tomlinson', 'Roddy McDowall', 'Sam Jaffe', 'John Ericson']","['Robert Stevenson', 'Ward Kimball']",['United States']
Mansfield Park,1999,"['Comedy', 'Drama', 'Romance']",7.0,"Fanny, born into a poor family, is sent away to live with wealthy uncle Sir Thomas, his wife and their four children, where she'll be brought up for a proper introduction to society.","['Hannah Taylor Gordon', 'Talya Gordon', 'Lindsay Duncan', 'Bruce Byron', 'James Purefoy']",['Patricia Rozema'],"['United Kingdom', 'United States']"
Safe Passage,1994,['Drama'],6.3,A mother with seven sons feels like she's losing control of her life and her family. But personal pain and a troubled marriage fade into the background as news comes that one of her sons might have died in an accident.,"['Susan Sarandon', 'Nick Stahl', 'Sam Shepard', 'Marcia Gay Harden', 'Robert Sean Leonard']",['Robert Allan Ackerman'],['United States']
Horror of Dracula,1958,"['Drama', 'Horror']",7.2,"When Jonathan Harker rouses the ire of Count Dracula for accepting a job at the vampire's castle under false pretenses, his friend Dr. Van Helsing pursues the predatory villain.","['Peter Cushing', 'Christopher Lee', 'Michael Gough', 'Melissa Stribling', 'Carol Marsh']",['Terence Fisher'],['United Kingdom']
Urban Legends: Final Cut,2000,"['Horror', 'Mystery']",4.4,A film school is the center of a fresh spate of killings based on urban legends.,"['Jennifer Morrison', 'Matthew Davis', 'Hart Bochner', 'Loretta Devine', 'Joey Lawrence']",['John Ottman'],"['France', 'Canada', 'United States']"
Freeway,1996,"['Crime', 'Drama', 'Thriller']",6.8,"A twisted take on ""Little Red Riding Hood"", with a teenage juvenile delinquent on the run from a social worker travelling to her grandmother's house and being hounded by a charming, but sadistic, serial killer and pedophile.","['Kiefer Sutherland', 'Reese Witherspoon', 'Bokeem Woodbine', 'Paul Perri', 'Robert Peters']",['Matthew Bright'],"['United States', 'France']"
My Blue Heaven,1990,"['Comedy', 'Crime']",6.2,"An all too uptight FBI agent must protect a larger than life mobster with a heart of gold, currently under witness protection in the suburbs.","['Steve Martin', 'Rick Moranis', 'Joan Cusack', 'Melanie Mayron', 'Bill Irwin']",['Herbert Ross'],['United States']
One Hundred and One Dalmatians,1961,"['Animation', 'Adventure', 'Comedy', 'Family']",7.3,"When a litter of Dalmatian puppies are abducted by the minions of Cruella De Vil, the owners must find them before she uses them for a diabolical fashion statement.","['Rod Taylor', ""J. Pat O'Malley"", 'Betty Lou Gerson', 'Martha Wentworth', 'Ben Wright']","['Clyde Geronimi', 'Hamilton Luske', 'Wolfgang Reitherman']",['United States']
Thunderball,1965,"['Action', 'Adventure', 'Thriller']",6.9,James Bond heads to the Bahamas to recover two nuclear warheads stolen by S.P.E.C.T.R.E. Agent Emilio Largo in an international extortion scheme.,"['Sean Connery', 'Claudine Auger', 'Adolfo Celi', 'Luciana Paluzzi', 'Rik Van Nutter']",['Terence Young'],['United Kingdom']
Ghost in the Shell,1995,"['Animation', 'Action', 'Crime', 'Drama', 'Mystery', 'Sci-Fi', 'Thriller']",7.9,A cyborg policewoman and her partner hunt a mysterious and powerful hacker called the Puppet Master.,"['Atsuko Tanaka', 'Akio Ôtsuka', 'Kôichi Yamadera', 'Yutaka Nakano', 'Tamio Ôki']",['Mamoru Oshii'],"['Japan', 'United Kingdom']"
The Last Picture Show,1971,"['Drama', 'Romance']",8.0,"In 1951, a group of high schoolers come of age in a bleak, isolated, atrophied North Texas town that is slowly dying, both culturally and economically.","['Timothy Bottoms', 'Jeff Bridges', 'Cybill Shepherd', 'Ben Johnson', 'Cloris Leachman']",['Peter Bogdanovich'],['United States']
Pet Sematary,1989,"['Fantasy', 'Horror', 'Thriller']",6.5,"After tragedy strikes, a grieving father discovers an ancient burial ground behind his home with the power to raise the dead.","['Dale Midkiff', 'Fred Gwynne', 'Denise Crosby', 'Brad Greenquist', 'Michael Lombard']",['Mary Lambert'],['United States']
Hard Target,1993,"['Action', 'Crime', 'Thriller']",6.2,"A woman hires a drifter as her guide through New Orleans in search of her missing father. In the process, they discover a deadly game of cat and mouse behind his disappearance.","['Chuck Pfarrer', 'Robert Apisa', 'Arnold Vosloo', 'Lance Henriksen', 'Douglas Rye']",['John Woo'],['United States']
Thelma & Louise,1991,"['Adventure', 'Crime', 'Drama']",7.6,"Two best friends set out on an adventure, but it soon turns around to a terrifying escape from being hunted by the police, as these two women escape for the crimes they committed.","['Susan Sarandon', 'Geena Davis', 'Harvey Keitel', 'Michael Madsen', 'Christopher McDonald']",['Ridley Scott'],"['United States', 'United Kingdom', 'France']"
Oxygen,1999,"['Action', 'Crime', 'Drama', 'Thriller']",6.0,Two guys kidnap the wife of a rich man and bury her in a box with 24 hours of oxygen. Tough NYPD Detective Maddy and others get the case. Will they get to her in time?,"['Maura Tierney', 'Adrien Brody', 'James Naughton', 'Laila Robins', 'Terry Kinney']",['Richard Shepard'],['United States']
Invasion of the Body Snatchers,1956,"['Drama', 'Horror', 'Sci-Fi']",7.7,A small-town doctor learns that the population of his community is being replaced by emotionless alien duplicates.,"['Kevin McCarthy', 'Dana Wynter', 'Larry Gates', 'King Donovan', 'Carolyn Jones']",['Don Siegel'],['United States']
The Opportunists,1999,"['Comedy', 'Crime', 'Drama', 'Romance']",5.7,A struggling auto mechanic with a criminal past agrees to one last heist to pay off his debts.,"['Christopher Walken', 'Peter McDonald', 'Anne Pitoniak', 'Kate Burton', 'Jim Mayzik']",['Myles Connell'],"['United Kingdom', 'United States']"
Slumber Party Massacre II,1987,"['Comedy', 'Horror', 'Musical']",4.7,"Courtney Bates, the younger sister of Valerie, and her friends go to a condo for a weekend getaway, but Courtney can't get rid of the haunting feeling that a supernatural rockabilly driller killer is coming to murder them all.","['Crystal Bernard', 'Jennifer Rhodes', 'Kimberly McArthur', 'Patrick Lowe', 'Juliette Cummins']",['Deborah Brock'],['United States']
54,1998,"['Drama', 'Music']",5.9,The famous 1970s New York City nightclub seen and told through the eyes of a young employee.,"['Ryan Phillippe', 'Salma Hayek', 'Neve Campbell', 'Mike Myers', 'Sela Ward']",['Mark Christopher'],['United States']
Tank Girl,1995,"['Action', 'Comedy', 'Sci-Fi']",5.4,"A girl is among the few survivors of a dystopian Earth. Riding a war tank, she fights against the tyranny of a mega-corporation that dominates the remaining potable water supply of the planet.","['Lori Petty', 'Ice-T', 'Naomi Watts', 'Don Harvey', 'Jeff Kober']",['Rachel Talalay'],['United States']
Austin Powers: The Spy Who Shagged Me,1999,"['Action', 'Adventure', 'Comedy', 'Crime']",6.7,"Dr. Evil is back and has invented a new time machine that allows him to go back to the 1960s and steal Austin Powers' mojo, inadvertently leaving him ""shagless"".","['Mike Myers', 'Heather Graham', 'Michael York', 'Robert Wagner', 'Rob Lowe']",['Jay Roach'],['United States']
Brighton Beach Memoirs,1986,['Comedy'],6.8,"Eugene, a young teenage Jewish boy, recalls his memoirs of his time as an adolescent youth. He goes through the hardships of puberty, sexual fantasy, and living the life of a poor boy in a crowded house.","['Jonathan Silverman', 'Blythe Danner', 'Stacey Glick', 'Lisa Waltz', 'Judith Ivey']",['Gene Saks'],['United States']
RocketMan,1997,"['Comedy', 'Family', 'Sci-Fi']",5.9,Fred Z. Randall is a geeky spacecraft designer who gets the chance to make his dream come true and travel to Mars.,"['Harland Williams', 'Jessica Lundy', 'William Sadler', 'Jeffrey DeMunn', 'James Pickens Jr.']",['Stuart Gillard'],['United States']
The Spy Who Loved Me,1977,"['Action', 'Adventure', 'Thriller']",7.0,"James Bond investigates the hijacking of British and Russian submarines carrying nuclear warheads, with the help of a K.G.B. agent whose lover he killed.","['Roger Moore', 'Barbara Bach', 'Curd Jürgens', 'Richard Kiel', 'Caroline Munro']",['Lewis Gilbert'],"['United Kingdom', 'United States']"
Heavy,1995,"['Drama', 'Romance']",6.7,"The life of an overweight, unhappy cook is changed after a kind, beautiful college drop-out comes to work as a waitress at his and his mother's road-side restaurant.","['Pruitt Taylor Vince', 'Shelley Winters', 'Liv Tyler', 'Debbie Harry', 'Joe Grifasi']",['James Mangold'],['United States']
Ride with the Devil,1999,"['Drama', 'Romance', 'War', 'Western']",6.7,"During the American Civil War, two friends join the Bushwhackers, a militant group loyal to the Confederacy.","['Tobey Maguire', 'Jeremy W. Auman', 'Scott Sener', 'Skeet Ulrich', 'Glenn Q. Pierce']",['Ang Lee'],['United States']
